{
    "prepare_queue": {
        "installed": [],
        "uninstalled": []
    },
    "config_munge": {
        "files": {
            "res/xml/config.xml": {
                "parents": {
                    "/*": [
                        {
                            "xml": "<feature name=\"Camera\"><param name=\"android-package\" value=\"org.apache.cordova.camera.CameraLauncher\" /></feature>",
                            "count": 1
                        },
                        {
                            "xml": "<feature name=\"MS4Plugin\"><param name=\"android-package\" value=\"com.moodstocks.phonegap.plugin.MS4Plugin\" /></feature>",
                            "count": 1
                        },
                        {
                            "xml": "<feature name=\"Whitelist\"><param name=\"android-package\" value=\"org.apache.cordova.whitelist.WhitelistPlugin\" /><param name=\"onload\" value=\"true\" /></feature>",
                            "count": 1
                        }
                    ]
                }
            },
            "AndroidManifest.xml": {
                "parents": {
                    "/*": [
                        {
                            "xml": "<uses-permission android:name=\"android.permission.WRITE_EXTERNAL_STORAGE\" />",
                            "count": 1
                        }
                    ],
                    "/manifest": [
                        {
                            "xml": "<uses-permission android:name=\"android.permission.CAMERA\" />",
                            "count": 1
                        },
                        {
                            "xml": "<uses-permission android:name=\"android.permission.INTERNET\" />",
                            "count": 1
                        },
                        {
                            "xml": "<uses-permission android:name=\"android.permission.WRITE_EXTERNAL_STORAGE\" />",
                            "count": 1
                        },
                        {
                            "xml": "<uses-feature android:name=\"android.hardware.camera\" android:required=\"false\" />",
                            "count": 1
                        },
                        {
                            "xml": "<uses-feature android:name=\"android.hardware.camera.any\" android:required=\"false\" />",
                            "count": 1
                        }
                    ]
                }
            }
        }
    },
    "installed_plugins": {
        "cordova-plugin-camera": {
            "PACKAGE_NAME": "com.augmented.reality"
        },
        "com.moodstocks.phonegap": {
            "PACKAGE_NAME": "com.augmented.reality"
        },
        "cordova-plugin-whitelist": {
            "PACKAGE_NAME": "com.augmented.reality"
        }
    },
    "dependent_plugins": {},
    "modules": [
        {
            "file": "plugins/cordova-plugin-camera/www/CameraConstants.js",
            "id": "cordova-plugin-camera.Camera",
            "pluginId": "cordova-plugin-camera",
            "clobbers": [
                "Camera"
            ]
        },
        {
            "file": "plugins/cordova-plugin-camera/www/CameraPopoverOptions.js",
            "id": "cordova-plugin-camera.CameraPopoverOptions",
            "pluginId": "cordova-plugin-camera",
            "clobbers": [
                "CameraPopoverOptions"
            ]
        },
        {
            "file": "plugins/cordova-plugin-camera/www/Camera.js",
            "id": "cordova-plugin-camera.camera",
            "pluginId": "cordova-plugin-camera",
            "clobbers": [
                "navigator.camera"
            ]
        },
        {
            "file": "plugins/cordova-plugin-camera/www/CameraPopoverHandle.js",
            "id": "cordova-plugin-camera.CameraPopoverHandle",
            "pluginId": "cordova-plugin-camera",
            "clobbers": [
                "CameraPopoverHandle"
            ]
        },
        {
            "file": "plugins/com.moodstocks.phonegap/www/MS4Plugin.js",
            "id": "com.moodstocks.phonegap.MS4Plugin",
            "pluginId": "com.moodstocks.phonegap",
            "clobbers": [
                "MS4Plugin"
            ]
        },
        {
            "file": "plugins/cordova-plugin-whitelist/whitelist.js",
            "id": "cordova-plugin-whitelist.whitelist",
            "pluginId": "cordova-plugin-whitelist",
            "runs": true
        }
    ],
    "plugin_metadata": {
        "cordova-plugin-camera": "2.1.1-dev",
        "com.moodstocks.phonegap": "1.1.0",
        "cordova-plugin-whitelist": "1.2.1"
    }
}